tenure_months,monthly_charge,support_calls,late_payments,churn
23,2081.0,0,1,0
24,11201.0,1,0,1
41,5353.0,1,0,0
26,10296.0,0,1,0
38,6057.0,1,1,0
48,2205.0,3,0,0
38,7342.0,4,1,0
50,2429.0,1,1,0
59,9123.0,0,1,0
11,5614.0,6,0,1
9,9895.0,3,2,1
33,2587.0,3,1,1
52,1778.0,2,1,0
61,2792.0,2,1,0
33,11391.0,4,0,1
61,4382.0,2,1,0
14,7683.0,2,1,0
51,5597.0,1,2,0
50,3770.0,1,3,0
59,3170.0,3,2,0
1,7736.0,4,3,1
50,6372.0,2,0,0
39,11573.0,0,1,0
61,10210.0,0,2,0
61,10108.0,2,0,0
26,2194.0,1,0,0
41,6241.0,1,1,0
6,1535.0,6,1,1
8,10413.0,1,2,1
7,4189.0,0,0,1
46,6000.0,1,2,0
43,3979.0,4,0,1
67,2425.0,1,1,0
1,11565.0,1,1,1
61,7449.0,6,1,0
61,6325.0,1,1,0
12,9650.0,3,0,1
14,6637.0,2,1,0
60,10392.0,2,0,0
59,10008.0,1,0,0
60,1741.0,3,1,0
26,6638.0,5,1,0
59,1881.0,2,2,0
8,5563.0,1,1,1
72,5384.0,3,2,0
27,9888.0,3,0,1
13,3907.0,1,2,0
1,7672.0,4,1,1
54,6397.0,6,1,0
15,10176.0,3,1,1
1,10029.0,3,0,0
11,2196.0,2,3,0
32,9877.0,0,0,0
71,3069.0,2,2,0
43,8423.0,3,1,1
32,2199.0,2,1,0
40,2346.0,0,1,0
40,11341.0,4,3,1
12,10532.0,0,2,1
5,6291.0,1,0,0
12,3689.0,3,1,1
5,3856.0,2,0,0
53,4550.0,1,1,0
44,5187.0,3,2,0
54,2220.0,2,1,0
25,4917.0,1,0,0
37,2015.0,1,2,0
22,2077.0,0,2,0
45,10610.0,2,0,1
12,8637.0,1,1,1
5,9499.0,1,2,1
55,8654.0,2,1,0
16,4808.0,4,0,1
68,8489.0,3,3,0
21,10748.0,0,2,1
27,11230.0,2,1,1
56,5814.0,1,0,0
28,10760.0,0,1,1
15,9319.0,0,2,1
22,3750.0,0,0,0
56,7415.0,2,1,0
13,4458.0,3,3,0
34,3689.0,3,0,0
23,6723.0,1,1,0
29,8089.0,1,0,0
60,1769.0,3,0,0
46,4757.0,1,0,0
7,5560.0,3,1,1
51,3894.0,1,0,0
60,9029.0,3,3,0
47,3866.0,1,3,1
4,7698.0,4,2,1
37,10194.0,1,3,1
39,11240.0,1,1,0
3,3345.0,3,1,1
56,3886.0,3,2,1
11,4358.0,5,0,1
25,5084.0,0,1,0
23,4455.0,2,1,0
64,8888.0,2,2,0
68,6452.0,2,0,0
55,2033.0,0,1,0
26,3620.0,4,0,0
47,4120.0,2,0,0
47,9608.0,2,2,0
26,2876.0,4,0,0
19,2493.0,0,1,0
10,8167.0,1,1,1
33,2393.0,2,1,0
43,8879.0,2,0,0
52,3377.0,3,3,0
15,8140.0,2,0,0
47,5155.0,1,1,0
64,2312.0,2,1,0
56,8836.0,3,1,0
64,1533.0,1,3,0
58,9409.0,2,0,0
36,10987.0,4,2,1
72,3704.0,2,1,0
50,6573.0,2,2,0
34,9054.0,0,1,0
53,4660.0,0,3,0
68,7778.0,2,1,0
25,1813.0,2,1,0
1,4875.0,2,1,0
12,4584.0,1,0,0
53,8536.0,1,1,0
31,8061.0,3,4,0
3,8673.0,2,1,1
37,10719.0,2,1,0
66,11326.0,4,0,0
50,2592.0,2,2,0
68,8196.0,3,0,0
50,5070.0,2,0,0
5,4837.0,2,0,0
4,10179.0,4,0,1
58,7053.0,1,1,0
67,6154.0,2,3,0
39,3517.0,2,2,1
15,9272.0,2,1,0
61,10610.0,3,1,0
17,8502.0,0,2,1
57,9072.0,2,0,0
7,2650.0,1,3,1
32,4821.0,6,2,0
36,6424.0,0,1,0
41,9703.0,1,0,0
67,2530.0,5,0,0
46,3676.0,0,0,0
48,11493.0,2,1,1
60,3000.0,1,2,0
36,9191.0,2,2,1
52,5808.0,1,2,0
62,10705.0,1,3,0
2,2219.0,5,1,1
69,9232.0,0,0,0
63,11475.0,1,1,0
41,8860.0,2,1,1
47,5320.0,3,1,0
58,11654.0,1,2,0
45,9927.0,1,3,0
71,8623.0,1,1,1
47,4310.0,1,2,0
3,9409.0,1,1,1
21,11018.0,2,1,1
43,8207.0,3,1,0
46,5527.0,2,1,1
50,11792.0,1,0,0
54,2116.0,3,0,0
40,4879.0,1,0,0
8,11602.0,1,0,1
22,8002.0,1,1,1
40,2526.0,3,0,0
20,7393.0,2,0,1
35,11982.0,0,0,1
64,11258.0,4,1,0
20,4745.0,4,1,1
64,4117.0,1,2,0
71,4319.0,5,1,0
10,3792.0,3,0,1
66,3534.0,1,0,0
54,4687.0,2,2,0
29,9750.0,3,1,0
51,7036.0,3,2,0
9,3851.0,1,2,0
34,10281.0,1,2,0
27,6076.0,3,1,0
29,3114.0,1,1,1
59,8085.0,0,0,0
24,2062.0,1,1,0
42,1735.0,2,1,0
52,9695.0,3,0,0
57,4734.0,3,2,0
33,8009.0,2,0,0
57,6179.0,1,1,1
49,11936.0,3,4,1
13,2423.0,2,1,0
51,11842.0,4,0,0
27,8793.0,4,0,0
71,11969.0,1,0,0
59,3448.0,1,0,0
50,4592.0,1,1,0
51,2739.0,1,3,0
6,11892.0,1,1,1
59,4567.0,1,0,0
16,4105.0,4,0,0
55,7208.0,1,0,1
43,10781.0,0,1,0
71,7226.0,1,2,0
2,1660.0,2,4,1
48,4913.0,1,1,0
33,8126.0,2,0,0
41,6512.0,0,1,1
23,3742.0,2,0,0
50,5174.0,2,4,0
13,5992.0,3,1,0
11,1616.0,4,0,1
4,8044.0,1,0,0
7,10435.0,1,0,1
2,3254.0,2,1,0
25,9828.0,1,3,1
13,5673.0,1,2,0
50,4272.0,0,0,0
68,7535.0,0,3,1
71,3378.0,2,0,0
24,4709.0,2,1,0
64,10040.0,4,3,0
68,6088.0,2,0,0
43,11610.0,2,0,0
8,4368.0,3,0,0
5,3996.0,2,1,1
44,7126.0,2,1,0
44,10002.0,3,2,1
39,9855.0,4,1,1
43,3988.0,1,1,0
46,3559.0,1,0,0
27,4991.0,3,1,0
62,5722.0,1,1,0
53,3480.0,2,0,0
29,3350.0,1,3,1
53,9288.0,3,2,0
48,4725.0,6,1,0
22,11243.0,2,0,1
16,7105.0,4,0,1
22,1850.0,2,1,0
57,9054.0,2,2,1
12,3399.0,1,2,0
39,5851.0,1,0,0
70,6082.0,1,2,0
6,1953.0,1,1,0
40,11018.0,6,3,0
22,4451.0,1,2,1
61,7845.0,2,1,0
10,4185.0,1,1,0
44,7666.0,2,0,0
54,10449.0,1,1,0
10,3391.0,1,3,1
30,5920.0,1,2,1
11,7018.0,1,0,0
38,2593.0,3,1,0
1,7758.0,1,1,0
44,11994.0,1,1,0
22,9975.0,4,4,1
27,6944.0,3,0,0
57,3630.0,3,1,0
71,2624.0,6,2,0
36,10705.0,1,1,0
55,9252.0,0,1,0
28,9571.0,2,1,0
47,6415.0,4,3,0
29,2000.0,2,0,0
11,7507.0,4,2,1
63,6815.0,2,0,0
27,1966.0,3,2,0
26,5554.0,1,1,1
28,8312.0,0,5,1
59,2904.0,3,1,0
51,4341.0,1,2,0
13,3858.0,0,1,1
6,9267.0,2,2,1
45,5553.0,3,1,0
11,8237.0,1,1,1
12,5694.0,3,1,1
58,5997.0,2,0,0
53,2797.0,1,4,0
28,6000.0,4,1,1
53,11984.0,2,3,1
22,9395.0,2,0,1
34,8771.0,6,1,0
8,9976.0,3,1,1
60,2166.0,2,0,0
7,9898.0,2,0,1
68,9846.0,4,0,0
31,8428.0,2,1,0
22,11101.0,0,0,1
34,2163.0,1,0,0
45,2443.0,3,2,0
70,11176.0,3,3,0
69,5811.0,2,2,0
48,11426.0,3,0,0
71,6497.0,0,3,0
16,6057.0,4,1,1
2,9969.0,3,1,1
50,6380.0,1,3,0
69,3371.0,2,2,0
1,6008.0,2,1,0
64,3677.0,2,0,0
54,10996.0,3,1,1
54,10447.0,1,0,0
23,2817.0,1,3,0
60,5131.0,0,2,0
49,10028.0,4,1,0
60,1748.0,4,2,0
69,1533.0,4,2,0
38,3447.0,1,0,0
72,11274.0,0,1,1
25,6555.0,4,0,1
40,3336.0,1,2,0
67,3741.0,1,0,0
6,2928.0,3,2,1
19,7521.0,0,2,1
5,3616.0,2,1,0
51,8008.0,2,0,0
20,11763.0,1,1,0
12,8001.0,2,2,1
7,3973.0,2,0,0
54,3222.0,4,2,0
21,4459.0,3,0,1
68,6545.0,3,4,0
64,3736.0,1,2,0
25,1576.0,1,1,0
23,9805.0,2,1,0
64,7388.0,1,0,0
24,9130.0,0,3,1
42,5659.0,1,0,0
60,3883.0,2,3,0
62,7882.0,3,1,0
55,5878.0,1,0,0
44,4448.0,2,2,0
24,10441.0,4,1,0
18,11696.0,1,0,0
37,9730.0,0,3,1
72,10922.0,1,0,0
41,7731.0,1,2,1
29,4129.0,0,0,0
53,10380.0,2,1,0
11,9145.0,4,1,1
10,3016.0,2,0,1
27,11822.0,0,2,1
55,11378.0,4,0,0
61,5420.0,4,4,0
7,6203.0,1,0,0
11,5801.0,1,1,1
43,6793.0,1,1,0
54,4320.0,3,2,0
69,3183.0,2,1,0
30,11364.0,3,2,0
13,8545.0,4,3,1
19,11852.0,2,0,0
56,8832.0,1,0,0
48,4910.0,0,1,0
29,9911.0,0,0,0
41,4055.0,2,0,0
17,11987.0,0,0,0
41,5534.0,2,0,0
37,5872.0,3,0,0
12,8760.0,2,1,1
14,4700.0,3,2,1
58,6170.0,3,2,0
33,5161.0,3,3,0
10,1750.0,2,0,0
43,7671.0,2,3,1
36,7545.0,3,4,1
56,5167.0,0,1,0
11,5394.0,4,3,0
59,1900.0,1,0,0
66,4742.0,1,0,0
64,9236.0,0,2,0
12,6655.0,0,1,1
36,3443.0,2,2,0
26,2891.0,1,1,0
66,6563.0,1,1,0
65,6457.0,4,0,0
65,6332.0,1,0,0
63,7695.0,1,2,0
36,5165.0,6,2,0
2,5642.0,1,1,0
8,4953.0,1,0,1
17,8040.0,3,0,0
27,1859.0,1,1,0
38,8889.0,1,2,1
54,9925.0,3,0,0
17,5340.0,0,2,1
41,1812.0,2,0,0
35,8885.0,5,1,1
14,8163.0,2,1,0
18,9412.0,1,3,1
63,2970.0,1,0,0
35,7503.0,2,2,0
47,5548.0,3,1,0
26,2154.0,1,1,0
10,8167.0,1,2,1
20,6807.0,0,1,0
60,9950.0,0,2,0
64,5194.0,3,2,0
38,5790.0,1,1,0
47,4228.0,3,0,0
26,6623.0,0,1,0
65,6490.0,1,1,0
38,2248.0,0,2,0
47,11568.0,1,2,0
39,10143.0,1,0,0
40,10418.0,1,0,0
71,6637.0,2,0,0
38,5468.0,2,2,0
50,9107.0,2,4,0
31,11873.0,3,1,0
20,9433.0,1,2,1
11,2458.0,3,1,0
31,9907.0,3,2,0
42,6275.0,3,4,0
9,1631.0,4,0,1
69,4171.0,1,1,0
26,11009.0,4,1,1
69,6617.0,2,1,0
59,9338.0,2,1,1
9,6132.0,3,2,0
30,1582.0,3,1,0
10,7857.0,3,2,1
59,4469.0,2,1,0
25,2959.0,4,0,0
23,8704.0,3,0,1
57,7922.0,2,0,0
45,4097.0,6,2,1
1,1995.0,3,0,1
6,10060.0,1,3,1
2,8825.0,1,1,0
10,2843.0,3,0,0
32,9716.0,1,1,0
30,5549.0,1,0,0
26,9742.0,2,1,1
67,10504.0,2,0,0
41,3147.0,4,1,0
52,6554.0,2,1,0
13,9566.0,2,3,0
16,11548.0,4,2,1
19,8466.0,0,0,0
22,8373.0,3,2,1
53,11536.0,1,2,0
4,2830.0,2,1,0
6,7963.0,1,0,1
47,8947.0,3,1,0
10,5543.0,2,2,0
69,7660.0,2,0,0
2,6219.0,1,1,0
47,2235.0,2,2,0
29,5535.0,1,0,0
55,1518.0,1,0,0
66,9024.0,3,0,0
28,10878.0,0,0,0
45,3376.0,6,1,0
57,10840.0,1,2,1
34,4094.0,3,1,0
36,1778.0,2,1,0
28,4848.0,1,1,0
52,6138.0,2,2,0
70,10315.0,0,1,0
19,7549.0,1,1,0
20,2381.0,3,1,0
51,3713.0,4,2,0
27,9113.0,1,0,0
17,6665.0,2,2,1
5,7875.0,3,3,0
25,3003.0,1,1,0
37,7590.0,2,3,0
21,4857.0,1,1,1
52,1999.0,1,1,0
32,5415.0,0,3,0
24,7716.0,3,1,1
16,7576.0,1,1,0
30,4717.0,3,1,0
44,6282.0,5,1,0
44,4943.0,1,2,0
47,6447.0,1,0,0
28,9772.0,0,1,1
17,8178.0,3,2,1
72,6169.0,4,0,0
56,3380.0,3,2,0
65,3887.0,3,1,0
48,9439.0,1,0,0
59,4523.0,4,0,0
69,8831.0,4,1,0
23,3049.0,1,2,0
63,2985.0,4,2,0
42,10358.0,1,2,1
69,8374.0,4,0,0
68,3035.0,2,1,0
67,11027.0,4,1,1
67,10430.0,1,3,0
66,7303.0,3,1,0
49,5381.0,5,3,0
71,3835.0,1,0,0
66,5060.0,0,0,0
69,8810.0,0,3,0
38,3638.0,3,2,1
26,9411.0,1,0,0
13,11713.0,3,0,0
10,9153.0,5,1,1
49,2315.0,2,0,0
67,4159.0,0,0,0
48,2744.0,3,1,0
23,7656.0,2,0,0
14,4132.0,2,1,0
63,4678.0,2,1,0
3,1801.0,1,1,0
72,8223.0,1,0,0
13,8724.0,2,0,1
45,7379.0,2,2,0
61,2622.0,2,1,0
21,8861.0,2,0,0
5,11250.0,3,0,1
48,11004.0,3,0,0
65,11657.0,2,0,1
61,10669.0,0,0,0
31,8942.0,2,4,1
13,3349.0,1,0,0
14,11980.0,2,1,0
64,3803.0,4,1,0
39,5539.0,1,0,0
52,11369.0,2,0,0
59,11941.0,1,4,0
67,4756.0,2,1,1
21,11356.0,2,1,1
25,3203.0,2,0,0
44,3966.0,1,0,1
66,2144.0,4,2,0
61,8732.0,5,1,0
14,2265.0,2,0,0
64,7318.0,3,1,0
53,6101.0,2,0,1
60,4732.0,3,2,1
68,9148.0,1,1,0
4,8225.0,2,1,1
40,5226.0,7,1,1
3,3741.0,1,0,1
11,10258.0,5,1,1
24,8310.0,2,0,0
70,11814.0,3,1,0
47,3535.0,2,2,0
43,11632.0,0,2,0
7,11473.0,1,1,0
20,11141.0,1,0,0
2,5948.0,3,0,0
67,9732.0,1,2,0
30,6602.0,3,0,1
60,10109.0,1,4,1
4,4268.0,1,1,0
68,9497.0,0,0,0
39,3196.0,2,0,0
47,4578.0,3,1,0
53,5983.0,2,2,0
16,3073.0,1,1,0
35,4395.0,0,0,0
44,9009.0,3,0,0
58,8971.0,3,0,0
37,10284.0,2,0,1
43,11036.0,6,0,0
37,4194.0,1,3,0
23,9309.0,1,0,1
2,3140.0,2,1,1
58,8602.0,1,0,0
19,1694.0,3,1,0
29,1889.0,3,2,0
20,10280.0,1,0,0
51,9090.0,3,1,1
7,4639.0,2,3,1
34,9363.0,1,2,1
28,4786.0,3,2,0
44,7365.0,0,1,0
33,9629.0,2,2,1
16,3510.0,1,0,0
50,5314.0,2,2,0
57,5206.0,3,1,0
38,8565.0,4,2,0
52,3772.0,2,1,1
33,7998.0,2,4,1
40,9421.0,0,1,0
11,3924.0,2,0,1
43,5331.0,3,1,0
17,1964.0,2,0,0
63,7140.0,3,1,0
24,6797.0,1,0,0
13,8701.0,2,1,0
11,7186.0,0,1,0
2,10572.0,0,0,1
19,10374.0,2,3,1
18,2723.0,1,0,0
30,7698.0,2,0,0
2,8684.0,3,1,1
17,6363.0,2,1,1
64,4391.0,0,1,0
19,3079.0,3,1,1
66,9398.0,1,1,0
57,1676.0,5,2,0
6,7022.0,6,0,1
27,11935.0,2,2,1
3,9065.0,1,3,0
28,3246.0,3,2,0
30,10411.0,6,0,0
57,8396.0,2,0,0
26,9711.0,2,0,0
56,4308.0,1,2,0
38,11396.0,4,3,0
52,8623.0,4,1,0
24,3966.0,2,0,1
42,5133.0,1,0,0
3,3360.0,3,0,0
5,1602.0,2,1,0
54,2278.0,1,0,0
62,3103.0,2,2,0
6,10643.0,1,0,1
46,7897.0,2,0,0
9,6166.0,1,2,1
68,6956.0,3,1,0
5,11397.0,0,4,1
14,5611.0,0,2,0
60,5714.0,4,1,0
9,3354.0,2,1,1
12,3053.0,1,1,1
65,1743.0,1,0,0
6,7316.0,3,3,0
23,7476.0,1,0,1
63,7036.0,1,0,0
70,9257.0,4,0,0
10,3053.0,4,2,1
55,7564.0,5,2,0
68,11419.0,3,1,1
17,7865.0,0,0,1
38,9663.0,1,2,0
46,6824.0,1,1,0
26,2651.0,1,1,1
25,11843.0,2,2,0
27,5159.0,0,1,1
60,3323.0,1,1,0
2,7508.0,2,0,1
47,2762.0,4,0,0
38,5408.0,2,0,0
53,7239.0,2,2,0
53,1581.0,4,0,0
21,10813.0,3,0,1
33,4036.0,2,0,0
2,7522.0,0,1,1
35,8570.0,0,0,0
30,5771.0,2,4,0
59,11043.0,3,3,0
52,9681.0,1,3,0
27,8457.0,1,2,1
66,7683.0,2,0,0
37,9888.0,1,3,1
23,2466.0,2,2,0
46,10732.0,5,1,1
34,4923.0,4,0,0
70,2020.0,2,1,0
64,5338.0,0,1,0
1,5045.0,1,0,0
19,12000.0,0,4,1
30,4527.0,4,1,0
50,5111.0,2,3,1
45,10246.0,3,1,0
64,10011.0,2,1,0
12,6342.0,1,0,0
46,10659.0,1,1,0
66,1657.0,3,0,0
9,9107.0,3,0,0
49,2336.0,2,1,0
47,3297.0,0,1,0
3,11595.0,1,2,1
3,11867.0,0,0,0
4,8179.0,2,2,1
21,6207.0,6,1,0
50,10663.0,3,1,0
64,5850.0,4,1,0
50,7282.0,2,1,0
52,2654.0,1,1,0
29,6934.0,3,1,0
16,2912.0,1,2,1
41,4858.0,2,1,1
50,4090.0,4,0,0
63,9188.0,1,1,0
42,8322.0,3,5,1
71,10281.0,1,0,0
59,10841.0,1,1,1
69,2656.0,0,1,0
49,11894.0,1,0,0
18,10440.0,0,0,1
60,5199.0,3,0,0
46,7494.0,1,0,0
53,2271.0,3,3,0
21,3725.0,0,2,0
6,4822.0,2,0,1
70,6855.0,2,3,0
35,2441.0,1,1,0
43,11893.0,2,3,1
5,10998.0,3,1,1
63,5581.0,5,3,0
21,10137.0,1,0,0
1,6801.0,1,0,0
21,4049.0,0,3,0
12,7249.0,3,0,0
34,2917.0,1,2,1
48,8174.0,3,0,0
24,10339.0,2,1,1
13,1946.0,2,0,0
17,2381.0,1,1,0
12,4191.0,3,0,0
62,3208.0,4,1,0
38,2467.0,1,1,0
4,9415.0,0,1,0
31,4038.0,1,0,1
34,9374.0,7,1,1
52,4558.0,1,2,0
47,6168.0,0,2,0
52,9246.0,6,0,0
14,11081.0,6,1,1
2,6325.0,0,2,1
33,5152.0,3,2,0
24,8418.0,2,0,1
25,4099.0,2,1,1
66,3980.0,4,0,0
63,3058.0,1,0,0
57,4487.0,2,0,0
4,7382.0,3,1,1
15,8148.0,0,0,1
5,11292.0,3,2,1
20,4523.0,1,0,0
34,9357.0,2,1,1
22,8114.0,4,1,1
51,11450.0,7,2,0
7,11628.0,2,0,1
63,6443.0,1,2,0
9,5755.0,0,0,0
37,10303.0,4,0,0
44,1732.0,1,1,0
70,9235.0,1,1,1
2,10329.0,2,1,1
49,10843.0,2,1,0
62,1710.0,2,3,0
69,7928.0,4,2,0
57,5756.0,1,2,0
62,2225.0,0,1,0
1,9860.0,1,0,0
65,5814.0,4,0,0
24,7540.0,2,1,1
3,5333.0,4,1,1
1,4640.0,2,1,1
64,9939.0,1,0,0
28,10183.0,3,2,1
48,3045.0,0,0,0
39,6826.0,2,2,0
11,2979.0,1,0,0
67,2743.0,0,0,0
7,2823.0,2,0,0
4,9777.0,7,1,1
9,9740.0,2,1,1
32,6188.0,1,1,0
36,3384.0,1,0,0
56,1764.0,2,2,0
5,2317.0,2,0,0
72,11124.0,0,0,1
31,4934.0,2,0,0
65,2753.0,2,0,0
12,11236.0,0,0,1
27,11213.0,3,0,1
4,6057.0,4,0,1
34,4977.0,1,1,1
8,3921.0,0,1,0
32,7587.0,3,1,1
7,3952.0,2,1,0
33,4062.0,3,0,0
65,11255.0,3,1,0
2,2129.0,3,1,0
48,3484.0,4,1,0
40,2322.0,1,1,1
46,1889.0,2,1,0
10,2538.0,1,1,1
71,11163.0,3,0,0
52,11456.0,0,0,0
41,11784.0,1,1,0
12,5105.0,1,1,1
68,11735.0,1,1,0
17,11180.0,0,1,0
48,4898.0,2,2,0
14,7661.0,0,2,1
33,8156.0,2,1,1
2,3353.0,3,1,1
51,9584.0,3,0,0
61,7935.0,1,0,0
32,4871.0,7,2,0
59,9257.0,3,1,0
14,6246.0,0,2,1
