size_sqft,rooms,age_years,distance_km,price_lkr_mn
2630,1,47,28.9,25.25
947,6,37,3.6,22.68
566,3,24,7.0,9.5
2100,2,17,20.2,23.75
1414,1,44,10.6,19.44
1668,4,0,4.7,28.12
699,2,37,27.0,4.89
1426,2,27,22.2,22.34
2109,5,25,7.5,34.11
1387,5,9,3.8,27.36
2578,1,14,25.4,29.39
2477,1,16,17.5,31.61
2261,2,2,28.0,26.2
2763,5,28,16.0,39.56
2303,2,29,7.7,34.11
943,3,19,4.9,17.27
2646,1,45,13.1,25.43
2132,2,23,20.8,24.91
746,4,3,1.1,21.36
1246,5,2,12.5,26.97
914,6,18,12.7,21.26
2918,4,9,20.5,43.74
2320,2,43,6.7,28.13
2800,3,42,26.4,36.34
1206,1,49,10.4,14.98
2090,2,26,25.0,26.44
2011,3,24,25.0,18.31
2382,5,45,26.7,33.04
795,2,32,8.5,13.44
1788,3,43,25.4,25.94
2112,1,9,7.7,29.67
2565,1,9,12.6,30.98
2140,4,2,6.2,32.96
1621,6,20,15.0,29.12
1650,4,40,3.2,27.57
1347,1,26,28.7,11.82
893,4,27,1.4,16.54
1195,1,4,15.4,20.46
865,5,6,25.3,15.48
1066,3,4,4.8,20.6
2635,3,18,18.3,33.77
1815,2,42,16.4,25.82
729,2,37,23.0,10.83
1577,3,42,21.3,17.18
1177,3,15,24.9,16.01
2158,4,19,24.0,27.07
2576,5,48,17.9,39.73
532,6,36,11.1,15.84
1665,1,35,4.1,21.95
1619,6,26,5.8,29.05
2977,4,5,26.3,41.11
1413,1,38,8.7,17.63
913,6,18,26.9,20.65
988,6,16,9.9,19.79
1694,2,36,2.7,21.69
1987,2,24,9.4,31.1
1316,2,8,12.2,19.04
1588,5,45,4.0,30.51
2158,6,20,13.5,37.12
1250,2,41,24.1,10.3
2912,3,20,13.0,38.07
1023,5,15,15.3,19.87
2839,2,40,30.0,30.82
2687,5,44,7.2,40.18
2893,2,16,16.8,35.7
2494,6,20,29.6,34.72
1822,1,28,15.4,24.78
2017,6,34,18.2,34.27
1016,5,25,16.9,16.49
1363,2,36,4.3,19.82
1658,5,42,21.8,23.27
2867,4,20,27.5,33.55
2487,3,43,27.9,31.27
1909,5,42,18.0,28.96
1988,5,49,11.2,30.94
1582,1,23,20.6,18.22
1549,2,43,28.4,18.22
2752,4,48,29.4,35.24
510,3,47,9.2,12.46
1298,2,47,28.1,12.37
1521,4,19,22.2,23.06
2240,1,45,26.3,22.23
1530,6,22,5.9,28.32
1284,4,46,29.3,17.86
695,1,41,22.9,5.97
1154,3,7,5.8,20.95
764,5,6,16.7,18.52
2252,4,33,4.2,36.0
1569,4,12,22.0,21.48
1069,4,37,18.3,14.67
1850,1,39,17.8,22.91
1733,3,26,25.6,23.13
1682,3,39,23.3,20.22
1950,6,26,3.7,37.38
2067,4,29,23.1,27.46
972,2,10,16.7,9.86
887,6,29,6.5,18.71
2328,2,8,11.1,28.83
2932,6,31,15.8,45.62
1871,3,39,25.9,23.62
1627,6,39,26.6,24.05
2054,5,7,4.0,29.79
586,5,40,13.8,9.19
1430,4,37,25.5,18.45
1397,1,7,18.5,13.63
1550,2,3,25.8,22.26
2360,6,33,18.3,34.85
1737,5,21,7.5,29.43
2640,3,25,15.6,35.12
1675,5,1,15.9,26.17
585,4,12,26.9,7.73
2189,5,33,11.3,28.56
2495,4,32,7.8,36.49
1943,1,14,22.7,24.04
2844,3,17,13.2,38.37
1541,2,23,15.0,20.2
2493,6,17,29.3,32.88
504,6,14,20.6,14.4
597,2,15,20.5,2.71
2485,6,26,28.1,31.95
2684,2,28,21.8,30.87
1798,2,33,28.7,18.49
2382,2,12,19.4,31.32
1316,4,8,18.0,21.17
2318,2,15,9.2,32.7
1750,2,39,7.7,27.07
1259,5,42,16.4,23.58
733,3,39,2.7,16.12
936,5,19,5.9,23.86
2762,1,48,21.5,34.75
1609,1,29,20.7,19.24
2975,2,19,1.8,38.23
1382,3,29,5.7,24.85
646,2,44,18.9,5.02
1140,3,22,12.8,22.87
1395,6,4,18.1,30.21
2253,3,15,4.7,32.87
2325,4,50,26.0,25.65
2343,5,23,8.5,34.93
1285,2,10,11.9,19.48
1450,1,44,14.0,20.08
1918,3,19,18.2,23.36
2016,4,16,29.4,28.77
1541,3,4,7.1,20.72
975,1,48,5.7,15.97
2436,4,42,5.2,35.42
1802,6,19,23.5,28.73
2897,4,24,12.1,40.55
2866,6,12,27.9,42.8
2721,3,49,2.9,38.44
2902,3,46,16.4,40.76
2052,2,7,23.0,21.87
1245,4,12,15.7,18.79
900,4,45,12.8,11.63
763,1,11,24.5,10.45
2868,6,18,15.8,38.81
1176,1,41,27.3,16.58
559,4,12,7.9,15.0
593,2,43,18.4,10.13
1244,6,33,19.4,19.02
2949,4,9,27.3,39.33
1204,1,1,3.7,21.5
755,1,8,24.4,7.05
2180,2,26,20.8,26.31
649,5,48,26.0,13.84
1718,6,24,18.7,31.19
715,4,6,14.2,17.0
732,4,2,24.1,18.53
1400,4,9,9.2,19.92
532,3,22,2.6,14.2
2627,4,22,22.7,34.14
2011,3,15,24.6,29.84
2834,3,31,25.0,37.55
1729,2,12,14.0,27.21
1890,5,13,22.2,27.1
2004,5,47,21.7,28.77
1665,5,27,9.4,30.67
1910,3,30,23.2,27.46
1931,3,29,29.0,20.79
2727,3,7,11.2,37.16
1258,4,29,8.9,22.16
2796,5,38,17.9,42.02
931,1,2,26.5,12.44
970,6,18,18.6,22.99
1137,6,14,29.1,14.37
2856,6,30,27.8,38.24
1112,2,46,21.6,13.51
2470,3,19,21.5,32.92
1958,4,3,6.2,27.98
2098,1,32,10.9,29.14
693,3,15,24.5,11.35
2149,1,34,12.6,25.25
673,1,7,7.6,15.11
1865,3,14,2.8,25.74
2468,2,19,7.5,32.94
2794,1,42,17.7,34.45
2975,6,28,27.8,41.45
1083,1,31,12.4,13.35
2419,2,35,23.9,27.87
1998,2,30,4.7,27.82
2334,4,45,24.9,31.35
2536,6,11,27.9,35.82
1686,1,32,15.6,21.97
837,1,12,14.2,6.82
2472,2,28,27.3,31.67
2039,1,20,7.6,33.57
833,1,46,27.7,7.14
1507,6,1,27.6,24.89
863,2,28,28.8,7.58
2415,4,2,26.8,34.87
1337,6,18,16.2,22.93
669,5,33,20.8,10.64
1211,1,12,16.5,10.62
2017,3,16,9.8,30.58
1978,1,34,29.7,19.36
2643,6,36,1.7,41.82
1402,3,32,8.3,21.68
2071,6,3,27.9,29.87
2863,3,17,28.6,35.81
1303,4,37,9.1,18.7
575,1,44,30.0,2.09
2140,6,10,24.6,32.03
2002,6,20,23.5,26.28
1345,4,44,17.6,16.19
1907,2,6,12.4,25.82
2172,3,46,1.3,30.15
2546,3,19,11.6,36.28
820,5,35,11.9,15.55
1678,2,22,3.4,25.4
1200,4,20,3.5,21.9
1335,5,19,8.6,18.37
581,2,1,15.3,10.76
1555,5,46,23.4,19.52
709,4,38,18.1,11.54
2816,2,47,16.7,31.94
1887,1,28,24.1,22.52
1553,6,49,25.6,22.2
1079,6,4,13.8,24.95
2848,1,18,18.6,36.54
1790,4,29,27.7,21.82
2965,1,24,3.3,41.37
2149,1,0,18.7,28.18
2984,1,5,23.5,33.39
2703,6,23,13.4,40.96
2356,4,42,22.7,30.47
1388,6,31,25.4,25.0
2444,5,14,23.2,34.04
1297,5,40,16.6,24.64
2649,1,45,22.0,31.11
1284,3,14,21.6,13.1
693,4,46,12.1,10.02
794,4,11,1.6,20.71
1635,1,29,28.5,13.04
2158,1,16,14.6,28.66
1223,4,36,9.7,23.83
2549,1,3,8.3,34.1
1139,6,2,12.6,27.88
1682,2,47,17.8,23.28
1340,6,9,16.0,25.22
1896,3,44,12.1,25.62
972,3,34,3.3,18.07
2897,5,30,29.4,38.63
2815,6,37,1.5,40.55
2247,2,3,27.7,27.44
1827,3,2,1.9,26.61
2363,1,4,15.7,29.75
1672,5,1,23.8,25.99
2724,5,47,20.2,31.83
665,1,22,21.5,4.19
1039,6,6,3.8,24.04
1641,6,16,26.1,31.29
2126,6,7,19.8,30.54
2268,5,46,28.3,29.27
2294,5,40,29.9,27.12
2851,2,0,22.9,35.55
2606,6,15,24.3,40.46
2790,2,33,28.9,32.39
1359,4,20,21.9,21.3
2239,5,11,18.7,35.03
2222,5,20,16.3,34.93
2012,2,21,16.2,21.01
2011,3,35,19.6,26.9
1813,3,28,19.1,24.03
1523,3,24,1.0,26.6
842,2,31,5.3,16.39
754,6,41,13.1,17.53
506,2,4,9.3,13.15
1382,3,25,20.6,16.01
1431,1,38,29.7,14.33
2909,5,14,8.7,43.84
1106,5,44,24.5,15.91
1041,3,9,11.8,21.57
610,1,1,22.0,7.02
784,1,38,3.6,10.3
2144,2,38,19.1,22.63
1419,1,11,16.1,17.88
2049,2,50,25.0,25.01
752,4,31,4.4,12.27
2408,4,1,16.1,36.42
1168,5,30,26.0,11.28
