customer_id,age,annual_income,visits_last_year,avg_order_value,days_since_purchase,online_order_share,promo_emails_opened
10001,37,29280,29,47.41,1,0.29,11
10002,31,47698,19,46.79,20,0.46,14
10003,39,32533,26,28.41,21,0.44,10
10004,27,70006,23,33.72,11,0.51,12
10005,38,55755,37,33.94,10,0.35,13
10006,45,45949,19,29.76,19,0.54,13
10007,27,52179,25,40.19,21,0.48,13
10008,35,53204,28,23.43,11,0.39,9
10009,31,74909,19,47.68,1,0.41,11
10010,40,60802,29,34.51,10,0.55,10
10011,21,27601,18,42.97,15,0.53,10
10012,36,59261,22,42.57,9,0.41,10
10013,22,56766,21,38.12,18,0.5,13
10014,33,40381,24,21.13,2,0.29,8
10015,38,31701,22,50.99,11,0.54,8
10016,32,30900,22,46.4,1,0.5,12
10017,28,21971,24,32.71,16,0.45,16
10018,32,29577,25,40.2,25,0.55,12
10019,49,26602,20,28.73,11,0.28,13
10020,32,21525,18,41.14,21,0.69,20
10021,38,30188,11,40.68,7,0.4,9
10022,33,67188,25,36.41,6,0.25,10
10023,33,79823,25,47.83,10,0.31,8
10024,27,86312,19,46.38,7,0.56,12
10025,32,47266,20,42.46,10,0.3,7
10026,36,76424,25,36.81,16,0.61,12
10027,30,67913,27,53.36,15,0.3,7
10028,51,79026,23,34.17,26,0.32,8
10029,40,40897,24,36.37,17,0.62,11
10030,40,18000,24,29.57,4,0.34,10
10031,43,24125,24,33.16,11,0.57,13
10032,47,45219,20,35.76,16,0.47,8
10033,35,52108,39,56.77,7,0.42,7
10034,28,53681,31,30.71,9,0.19,11
10035,23,38470,19,37.06,1,0.27,17
10036,21,28258,35,67.05,5,0.41,12
10037,51,30237,23,45.77,17,0.4,11
10038,20,43713,22,40.32,10,0.51,14
10039,36,54332,24,38,8,0.49,11
10040,55,76320,26,30.37,5,0.59,12
10041,39,18000,30,42.54,5,0.39,12
10042,35,42741,23,35.48,15,0.63,3
10043,32,51177,26,34.28,1,0.49,16
10044,19,63549,22,37.39,6,0.41,15
10045,40,79182,31,42.39,28,0.5,13
10046,31,49198,20,47.9,5,0.54,10
10047,46,61516,35,45.31,1,0.44,7
10048,29,75202,28,31.01,6,0.45,7
10049,27,53616,31,44.09,1,0.49,11
10050,38,77092,12,32.09,19,0.26,15
10051,38,63239,21,46.14,23,0.48,12
10052,37,32460,23,36.47,17,0.57,8
10053,33,74666,20,29.78,16,0.55,11
10054,47,63422,29,43.54,33,0.43,5
10055,50,39761,25,51.1,1,0.3,6
10056,26,55913,27,40.76,3,0.17,11
10057,29,56269,28,39.38,20,0.48,13
10058,27,44767,25,46.21,11,0.51,10
10059,33,62931,12,25.04,2,0.17,9
10060,41,42872,25,48.89,25,0.44,15
10061,35,32927,20,23.19,7,0.41,13
10062,51,23121,26,27.59,18,0.43,6
10063,43,37110,21,27.3,9,0.5,10
10064,37,54515,32,34.57,2,0.58,10
10065,45,54901,23,41.49,30,0.7,11
10066,36,67372,19,41.33,14,0.49,8
10067,18,18000,17,33.41,12,0.68,14
10068,24,54259,22,35.16,15,0.52,10
10069,45,27445,24,63.98,16,0.62,11
10070,40,46978,23,30.21,17,0.35,13
10071,45,54598,22,42.54,12,0.56,6
10072,31,18000,15,51.64,21,0.36,6
10073,18,38217,39,42.35,10,0.51,6
10074,31,49791,23,45.91,17,0.53,9
10075,43,77321,18,29.12,25,0.43,15
10076,30,74191,25,40.58,27,0.41,8
10077,30,56142,15,44.37,10,0.59,4
10078,26,18000,19,40.48,13,0.42,11
10079,36,29846,28,44.63,17,0.52,12
10080,54,46432,22,30.46,6,0.3,8
10081,33,54017,24,30.34,21,0.54,11
10082,27,57872,25,23.52,13,0.48,8
10083,36,21813,32,50.48,12,0.49,4
10084,22,42712,18,45.14,30,0.31,8
10085,36,77000,17,40.49,29,0.25,7
10086,30,38629,29,40.42,1,0.51,9
10087,47,36703,20,43.41,20,0.5,6
10088,39,29382,25,23.76,18,0.35,7
10089,41,52350,20,52.51,10,0.45,12
10090,28,56480,21,33.88,25,0.33,4
10091,50,93888,22,18.63,12,0.42,10
10092,23,58432,27,23.06,20,0.7,12
10093,31,45444,28,20.69,15,0.4,17
10094,32,78022,17,43.87,17,0.35,12
10095,46,42172,14,37.82,7,0.41,11
10096,18,18918,27,32.77,1,0.54,12
10097,27,24297,29,41.49,33,0.5,12
10098,32,62702,28,50.52,10,0.4,10
10099,42,74971,21,33.75,17,0.42,14
10100,18,33119,19,14.8,6,0.34,10
10101,45,43589,18,37.43,22,0.33,8
10102,40,44012,28,37.86,20,0.33,11
10103,32,26114,15,44.86,11,0.33,11
10104,45,18000,15,28.77,26,0.48,13
10105,23,27848,27,38.58,18,0.43,12
10106,36,62000,29,21.8,1,0.57,15
10107,24,18000,25,47.31,28,0.51,10
10108,25,48206,22,27.85,30,0.66,14
10109,25,63390,28,42.43,24,0.53,13
10110,40,54134,13,38.84,10,0.3,16
10111,51,72466,26,51.51,14,0.47,8
10112,38,49087,16,37.49,13,0.67,14
10113,34,52478,24,35.97,5,0.43,9
10114,21,57202,26,20.13,13,0.57,14
10115,44,48700,19,27.16,17,0.5,15
10116,45,45620,17,34.81,16,0.43,9
10117,37,38929,20,41.11,11,0.48,12
10118,23,39338,33,26.38,1,0.23,11
10119,34,45883,31,12,17,0.64,8
10120,30,34448,19,34.74,25,0.67,10
10121,53,48640,35,37.07,15,0.49,20
10122,43,35269,30,34.38,10,0.56,11
10123,37,48252,26,42.25,1,0.53,8
10124,20,46949,25,31.06,21,0.29,10
10125,28,47161,26,27.92,20,0.46,5
10126,18,47778,23,36.97,14,0.48,14
10127,23,26905,17,40.89,24,0.4,3
10128,18,33005,21,33.92,14,0.41,14
10129,27,32478,27,22.64,17,0.46,11
10130,50,36800,36,35.75,4,0.46,8
10131,26,55147,27,31.78,22,0.59,15
10132,39,72542,13,34.82,7,0.46,9
10133,32,81879,23,42.14,12,0.46,11
10134,38,68976,34,41.1,19,0.31,11
10135,43,63587,25,46.86,18,0.59,12
10136,30,54045,8,41.83,1,0.24,12
10137,39,27076,20,51.71,10,0.72,11
10138,38,77104,25,27.98,13,0.45,7
10139,31,34641,30,38.35,12,0.44,12
10140,40,30005,18,49.05,11,0.28,12
10141,39,20447,25,45.36,17,0.53,7
10142,37,42553,21,46.71,26,0.67,15
10143,33,54349,29,39.21,15,0.55,11
10144,27,40539,28,38.03,17,0.53,10
10145,42,54819,17,52.42,10,0.25,8
10146,24,48939,22,34.63,19,0.49,12
10147,38,59090,11,34.36,1,0.45,11
10148,44,69377,25,33,18,0.39,11
10149,44,37960,29,44.77,6,0.57,13
10150,35,34278,19,32.62,18,0.34,12
10151,22,44327,25,62.45,3,0.63,11
10152,38,50130,27,36.46,26,0.4,14
10153,28,46915,18,42.55,26,0.44,10
10154,23,43873,14,28.87,16,0.61,19
10155,28,73835,25,36.49,17,0.46,11
10156,30,22834,15,44.53,12,0.38,11
10157,42,51247,20,50.26,27,0.51,14
10158,46,68342,28,43.98,18,0.32,13
10159,20,33697,32,46.4,26,0.42,8
10160,32,49837,24,49.34,11,0.49,8
10161,39,48056,20,35.64,13,0.42,16
10162,33,43610,11,29.06,12,0.37,15
10163,32,71192,24,38.37,13,0.45,16
10164,18,18000,21,38.15,20,0.51,10
10165,44,66544,25,47.63,16,0.38,13
10166,35,48024,33,13.49,3,0.31,10
10167,31,20868,18,29.39,34,0.67,10
10168,30,27314,13,36.83,6,0.44,6
10169,26,50675,26,42.17,3,0.55,9
10170,40,47809,16,34.84,17,0.52,11
10171,49,66135,22,45.5,29,0.69,7
10172,25,74729,18,24.77,10,0.5,11
10173,27,35864,20,29.2,32,0.49,14
10174,29,44653,20,12,3,0.23,4
10175,22,71849,24,50.91,17,0.54,8
10176,39,61117,21,43.6,19,0.38,8
10177,22,49557,26,30.07,14,0.52,13
10178,50,70986,18,54.84,10,0.58,11
10179,30,18000,23,22.41,22,0.63,9
10180,37,34943,20,45.74,14,0.66,10
10181,44,49753,29,33.53,14,0.44,8
10182,41,59704,28,53.37,26,0.41,12
10183,28,48420,20,54.2,17,0.42,15
10184,18,18000,29,38.6,16,0.29,11
10185,54,62836,25,33.61,11,0.19,12
10186,42,19639,20,26.43,6,0.46,5
10187,40,61569,22,13.19,6,0.6,3
10188,31,26760,29,31.25,17,0.52,17
10189,32,54769,15,49.9,8,0.38,11
10190,18,52118,30,40.93,1,0.44,13
10191,18,28654,29,40.7,17,0.67,12
10192,41,96793,23,30.02,17,0.5,9
10193,24,89577,26,30.68,21,0.44,10
10194,40,24746,26,57.13,18,0.4,9
10195,30,43429,22,47.16,1,0.55,10
10196,38,27714,32,50.46,22,0.27,13
10197,38,19105,24,41.65,18,0.47,12
10198,49,70069,8,34.83,13,0.24,11
10199,46,28442,26,28.84,9,0.63,9
10200,39,18000,35,44.03,13,0.52,7
10201,46,42168,23,33.08,9,0.53,12
10202,41,47842,27,33.81,32,0.26,15
10203,48,32661,37,47.95,22,0.45,10
10204,32,55030,32,39.81,7,0.55,14
10205,41,61419,22,28.71,7,0.25,12
10206,33,40080,8,25.53,23,0.37,12
10207,20,73897,23,40.9,33,0.63,10
10208,28,42140,27,36.95,11,0.63,11
10209,57,49633,35,41.57,22,0.36,8
10210,39,65794,24,25.14,3,0.28,6
10211,35,68251,24,15.4,12,0.43,17
10212,19,40968,34,42.5,19,0.46,12
10213,42,33429,29,24.27,17,0.47,9
10214,34,36794,18,34.46,5,0.49,8
10215,41,26733,21,31.75,25,0.49,10
10216,39,18000,24,57.98,15,0.46,13
10217,43,18000,14,40.1,8,0.61,10
10218,18,25176,8,35.66,12,0.4,14
10219,46,44933,11,44.17,18,0.49,14
10220,22,84158,18,45.49,1,0.34,16
10221,31,63119,25,36.95,25,0.42,6
10222,26,57921,26,22.33,8,0.38,10
10223,20,36689,20,45.72,20,0.43,10
10224,35,33302,17,28.6,9,0.31,11
10225,41,19432,24,35.8,17,0.45,7
10226,21,48530,30,15.86,17,0.59,11
10227,40,35345,23,21.79,1,0.56,8
10228,29,23044,16,36.26,8,0.5,12
10229,37,52295,33,27.32,14,0.59,15
10230,20,42378,32,43.08,16,0.42,10
10231,37,43457,24,38.79,9,0.51,20
10232,18,53832,19,43.77,14,0.54,15
10233,36,68377,10,53.9,17,0.58,7
10234,26,50627,24,40.83,23,0.24,14
10235,34,44332,15,43.03,1,0.53,7
10236,35,45855,31,36.21,8,0.39,15
10237,39,41059,23,22.33,17,0.24,13
10238,35,90965,17,36.97,28,0.59,9
10239,36,48036,26,31.01,13,0.26,11
10240,39,43906,14,47.89,17,0.36,10
10241,19,29543,21,50.28,9,0.53,9
10242,36,45455,29,32.65,1,0.28,9
10243,22,55384,21,61.75,1,0.47,8
10244,29,50546,10,40.37,29,0.4,12
10245,44,45049,21,15.24,19,0.44,8
10246,35,37494,21,44.06,3,0.58,7
10247,27,82613,31,38.98,6,0.39,11
10248,34,46364,24,35.86,2,0.39,14
10249,20,44588,19,39.11,11,0.63,13
10250,21,60082,19,32.23,17,0.39,14
10251,26,36859,20,32.34,23,0.53,16
10252,57,29447,24,26.24,8,0.37,8
10253,23,45403,17,46.42,7,0.79,10
10254,35,24684,34,49.2,16,0.29,12
10255,23,74322,29,38.95,1,0.33,13
10256,46,67965,14,41.02,22,0.25,11
10257,37,42586,13,34.74,11,0.43,9
10258,30,47285,27,34.96,11,0.46,5
10259,39,47990,24,47.61,1,0.21,12
10260,34,51063,21,44.64,21,0.51,10
10261,18,61846,31,44.45,7,0.53,14
10262,50,32230,23,45.47,14,0.32,12
10263,40,49583,25,35.41,26,0.34,9
10264,34,63821,15,24.9,1,0.45,8
10265,30,59905,20,40.31,12,0.53,12
10266,27,44964,30,41.93,3,0.53,8
10267,48,66434,26,39.57,12,0.53,10
10268,36,63695,21,31.84,4,0.32,6
10269,41,80560,33,21.74,20,0.62,10
10270,35,18000,26,27.36,16,0.26,13
10271,44,33903,17,16.44,12,0.38,6
10272,39,39901,18,32.45,23,0.52,11
10273,40,27104,24,39.47,10,0.5,9
10274,39,57933,8,49.9,1,0.38,14
10275,31,21609,17,48.27,1,0.59,11
10276,22,37504,18,46.66,20,0.24,10
10277,25,71283,16,54.04,14,0.31,9
10278,26,25057,25,25.72,1,0.4,6
10279,26,31636,19,58.01,14,0.48,6
10280,27,51875,18,47.08,4,0.42,9
10281,36,36471,22,35.64,8,0.51,12
10282,33,40252,29,35.64,12,0.46,16
10283,21,61857,13,40.17,27,0.51,12
10284,28,48559,22,30.14,12,0.47,9
10285,26,23516,26,43.45,16,0.57,11
10286,38,53469,23,32.69,32,0.4,9
10287,38,52533,16,49.23,13,0.32,15
10288,40,25238,35,44.59,14,0.64,11
10289,34,36115,27,42.77,14,0.36,11
10290,33,23997,15,43.65,1,0.47,10
10291,47,39118,28,34.03,15,0.54,10
10292,44,30113,26,47.23,19,0.68,9
10293,20,30102,28,42.98,15,0.32,13
10294,22,68861,40,41.66,19,0.39,6
10295,28,28328,15,55.22,16,0.5,10
10296,32,65362,24,43.31,12,0.41,7
10297,18,43292,24,25.14,14,0.46,5
10298,25,55331,26,26.46,15,0.57,13
10299,33,39576,20,42.68,16,0.53,11
10300,42,49703,29,46.71,8,0.23,16
10301,37,18000,20,45.72,12,0.39,15
10302,24,33633,25,41.9,18,0.56,12
10303,39,43334,24,39.08,16,0.54,13
10304,34,33436,24,37.72,16,0.71,9
10305,38,67232,25,61.38,11,0.49,9
10306,30,52481,29,41.19,24,0.44,10
10307,61,55096,20,31.06,6,0.56,10
10308,35,46857,28,29.53,5,0.48,13
10309,37,33430,28,30.56,10,0.34,15
10310,40,58890,31,66.13,1,0.36,9
10311,25,28604,22,25.83,17,0.46,12
10312,39,58854,22,59.21,16,0.23,8
10313,18,48312,23,33.32,30,0.52,13
10314,25,30015,24,39.73,1,0.43,11
10315,32,33359,21,36.23,15,0.52,14
10316,31,39789,27,44.11,11,0.54,14
10317,47,80010,19,38.14,14,0.44,9
10318,19,49668,19,38.86,8,0.32,12
10319,36,58427,37,40.77,18,0.32,7
10320,50,31377,18,37.61,13,0.34,10
10321,46,33492,16,47.43,18,0.38,6
10322,27,47015,31,27.63,13,0.53,4
10323,44,26716,26,40.47,23,0.52,4
10324,26,50488,23,42.78,20,0.52,10
10325,18,39801,26,27.1,19,0.56,11
10326,18,24994,35,32.53,1,0.6,11
10327,45,52985,27,41.63,20,0.72,14
10328,18,56040,31,50.03,11,0.59,14
10329,60,34500,21,34.94,10,0.34,3
10330,30,54648,21,57.35,14,0.6,12
10331,42,53026,32,38.56,18,0.49,10
10332,38,88219,22,42.19,24,0.59,11
10333,18,57301,11,52.7,15,0.57,8
10334,18,52694,24,33.08,15,0.78,14
10335,44,63191,33,36.1,1,0.43,13
10336,24,44825,20,53.02,20,0.53,13
10337,34,51556,17,16.14,15,0.49,15
10338,50,76260,18,34.48,18,0.75,15
10339,45,41020,19,45.89,5,0.42,11
10340,50,41615,9,43.04,8,0.46,11
10341,39,89387,10,216.73,16,0.55,3
10342,47,96708,16,151.76,16,0.42,9
10343,33,46484,14,231.75,8,0.69,7
10344,50,78186,13,201.03,2,0.65,7
10345,22,60214,12,310.91,2,0.45,11
10346,53,55610,13,267.73,1,0.4,7
10347,55,62414,16,291.02,25,0.55,8
10348,57,38512,20,194.18,13,0.59,5
10349,32,78081,20,234.16,12,0.69,5
10350,48,90026,26,223.08,9,0.71,10
10351,36,63130,18,202.76,10,0.63,11
10352,36,31468,8,183.33,4,0.6,4
10353,35,54970,14,299.51,16,0.62,7
10354,37,79210,18,199.16,12,0.38,9
10355,48,65838,23,200.34,13,0.62,8
10356,40,74356,19,302,12,0.72,6
10357,48,55236,20,339.48,11,0.36,6
10358,52,84168,17,285.39,15,0.77,11
10359,55,79894,20,226.18,8,0.82,9
10360,48,74722,14,240.49,21,0.69,3
10361,39,111210,15,158.98,23,0.7,8
10362,38,95812,14,291.67,15,0.65,8
10363,39,95004,13,167.01,16,0.7,9
10364,45,64948,19,237.95,9,0.58,14
10365,25,82995,9,235.13,9,0.37,9
10366,38,25817,19,304.58,21,0.66,8
10367,53,109012,21,197.63,13,0.67,3
10368,45,122006,19,306.3,13,0.61,9
10369,34,50797,21,301.76,6,0.74,8
10370,44,82125,20,243.72,20,0.66,10
10371,34,119490,18,272.08,2,0.52,12
10372,44,29897,20,215.53,20,0.61,9
10373,52,52255,12,231.16,17,0.46,3
10374,48,58734,14,156.44,8,0.62,11
10375,34,108462,13,209.26,21,0.65,6
10376,40,101768,22,203.24,12,0.63,5
10377,40,72117,21,294.33,10,0.59,10
10378,36,84950,16,196.38,6,0.79,8
10379,56,60700,17,347.67,6,0.39,12
10380,34,71544,14,252.07,6,0.6,9
10381,32,56598,15,175.7,9,0.63,7
10382,39,71562,13,271.1,21,0.56,9
10383,39,80041,22,262.89,1,0.67,12
10384,39,93904,13,173.15,13,0.41,7
10385,53,29985,11,193.56,12,0.58,12
10386,50,82896,17,257.7,7,0.72,5
10387,49,98095,17,232.07,14,0.28,9
10388,40,70886,19,236.64,5,0.6,8
10389,42,75562,20,191.13,13,0.77,3
10390,43,59122,15,199.28,11,0.84,4
10391,30,43357,23,219.19,12,0.57,5
10392,39,126081,22,201.62,16,0.52,3
10393,50,97522,20,218.86,11,0.71,9
10394,37,36380,16,288.56,5,0.7,9
10395,48,91183,13,167.24,9,0.73,6
10396,35,31930,23,277.16,17,0.74,10
10397,39,68397,14,358.56,15,0.56,9
10398,32,105099,13,262.55,18,0.67,8
10399,41,70758,14,219.77,21,0.61,6
10400,36,96208,19,265.21,10,0.69,6
10401,39,93336,19,195.81,7,0.63,13
10402,24,78123,10,211.46,10,0.57,6
10403,41,60224,10,275.09,17,0.72,3
10404,44,86872,12,240.41,11,0.84,14
10405,26,126866,12,284.13,18,0.5,9
10406,40,84195,17,293.84,12,0.6,11
10407,46,88100,13,192.96,9,0.55,10
10408,50,68587,22,301.58,13,0.52,13
10409,40,74776,15,199.96,3,0.7,6
10410,68,48106,11,262.96,21,0.63,10
10411,24,57095,12,154.72,13,0.35,4
10412,36,53712,18,253.75,17,0.71,11
10413,41,78676,18,246.37,10,0.58,6
10414,45,69932,13,210.2,5,0.74,8
10415,33,89788,14,176.71,18,0.56,7
10416,41,97137,16,186.04,15,0.56,14
10417,41,25000,17,327.51,21,0.84,5
10418,49,56116,17,182.72,8,0.54,11
10419,48,78090,11,225.98,8,0.72,12
10420,51,55385,8,160.49,21,0.57,6
10421,56,99834,16,226.8,11,0.65,13
10422,45,87973,21,187.36,17,0.58,1
10423,22,49601,18,245.12,13,0.85,4
10424,41,78698,13,241.27,2,0.79,6
10425,59,71286,20,237.6,12,0.55,8
10426,44,54746,15,212.55,26,0.61,13
10427,39,77704,11,219.88,13,0.81,9
10428,53,86096,23,237.34,26,0.56,6
10429,30,123283,19,224.96,19,0.7,14
10430,27,66162,14,151.18,18,0.59,10
10431,62,64229,14,245.34,18,0.55,6
10432,51,80330,8,184.86,21,0.67,6
10433,39,72291,19,178.88,7,0.65,8
10434,46,44951,17,289.12,15,0.64,8
10435,33,70416,21,234.64,7,0.56,9
10436,38,82677,18,280,21,0.74,5
10437,33,70333,14,188.78,9,0.56,6
10438,38,97926,17,351.23,13,0.59,8
10439,43,81576,24,201.96,17,0.64,3
10440,48,99888,13,239.6,2,0.47,11
10441,37,47606,17,216.49,9,0.71,5
10442,33,75390,20,295.72,8,0.73,6
10443,57,47057,21,210.46,24,0.69,5
10444,36,89186,20,236.82,12,0.71,8
10445,29,54115,17,294.7,22,0.71,9
10446,48,57331,15,202.91,5,0.66,9
10447,47,84014,17,265.05,12,0.67,6
10448,44,86705,13,242.33,8,0.56,5
10449,52,95445,18,328.75,11,0.95,7
10450,43,63249,17,277.6,11,0.83,9
10451,43,52002,18,233.97,8,0.53,16
10452,39,39946,13,237.68,15,0.69,10
10453,35,79490,12,212.12,6,0.48,11
10454,47,93487,16,274.96,1,0.72,9
10455,47,80361,12,172.59,8,0.69,10
10456,29,50416,13,223.92,4,0.45,6
10457,42,46027,16,287.63,4,0.6,11
10458,37,59379,21,226.22,19,0.67,7
10459,45,79050,20,215.32,12,0.61,10
10460,32,94373,18,180.74,19,0.89,11
10461,54,73878,9,157.01,14,0.55,5
10462,40,85543,10,219.8,21,0.49,11
10463,37,84007,20,273.36,17,0.48,11
10464,33,77710,17,261.83,14,0.52,4
10465,49,76088,21,237.99,4,0.74,7
10466,44,57756,23,200.55,10,0.63,5
10467,44,107462,14,257.78,1,0.62,7
10468,34,95792,15,232.01,10,0.39,5
10469,50,25581,13,222.01,22,0.71,6
10470,53,55709,20,178.85,18,0.57,5
10471,39,78102,14,264.93,9,0.69,9
10472,40,62290,17,264.76,24,0.73,11
10473,68,83351,18,271.68,6,0.57,6
10474,47,68168,17,288.94,17,0.6,6
10475,51,89026,10,225.91,13,0.71,11
10476,44,84875,16,209.68,10,0.62,8
10477,24,63255,16,227.34,11,0.68,5
10478,26,64340,19,315.94,17,0.44,7
10479,43,75907,18,198.73,12,0.67,10
10480,34,64407,8,212.03,9,0.5,8
10481,40,25000,17,198.23,15,0.47,8
10482,38,78668,16,228.52,3,0.44,6
10483,41,58619,19,227.44,6,0.59,9
10484,44,113324,13,236.69,15,0.62,6
10485,27,60762,12,162.3,7,0.49,10
10486,46,52115,15,156.38,9,0.67,10
10487,35,95141,10,183.86,16,0.82,9
10488,41,25000,8,245.82,10,0.49,8
10489,42,92777,17,295.28,12,0.61,11
10490,32,133918,18,257.14,15,0.85,10
10491,27,102876,15,244.82,4,0.68,6
10492,42,65750,24,329.2,12,0.63,7
10493,51,64764,14,284.04,9,0.62,3
10494,47,114699,19,305.78,7,0.65,5
10495,39,88989,16,176.43,4,0.45,9
10496,60,101974,8,303.95,18,0.43,7
10497,51,84110,11,267.48,1,0.59,11
10498,41,61023,20,283.86,20,0.72,11
10499,48,77842,16,229.32,5,0.51,7
10500,43,103698,16,285.16,18,0.59,10
10501,39,101087,19,186.43,13,0.82,7
10502,45,84009,12,262.98,4,0.54,11
10503,44,65301,18,237.3,12,0.7,6
10504,41,65130,10,198.58,21,0.67,4
10505,27,69532,22,231.6,20,0.66,9
10506,29,92626,15,278.84,7,0.64,9
10507,40,80900,15,210.79,22,0.75,6
10508,46,55661,11,286.52,2,0.73,7
10509,39,81015,18,202.81,16,0.63,4
10510,39,102388,23,272.28,5,0.68,11
10511,48,89269,17,236.74,8,0.39,9
10512,43,84267,11,269.03,24,0.63,8
10513,44,116711,12,249.14,7,0.55,8
10514,53,111622,18,223.05,27,0.57,6
10515,25,102714,20,348.8,4,0.79,8
10516,48,35749,22,275.39,12,0.7,6
10517,36,61804,9,278.78,19,0.54,9
10518,39,79222,13,200.25,18,0.61,14
10519,41,51626,21,268.39,16,0.76,6
10520,40,68228,11,228.14,20,0.65,4
10521,27,108625,16,210.87,10,0.44,12
10522,37,102083,16,304.33,14,0.72,10
10523,47,79655,15,326.19,7,0.62,8
10524,45,62552,17,232.4,3,0.62,5
10525,25,75011,18,263.7,15,0.39,4
10526,59,48961,18,209.09,12,0.54,10
10527,42,62138,12,252.05,5,0.67,16
10528,53,87804,16,152.76,4,0.77,6
10529,35,68356,12,184.8,12,0.51,6
10530,34,83492,15,231.96,16,0.6,7
10531,45,86700,15,243.63,7,0.52,10
10532,45,82017,17,242.08,16,0.73,11
10533,40,102514,17,268.46,14,0.65,6
10534,47,134596,15,243.19,9,0.56,13
10535,35,61570,10,205.91,2,0.7,16
10536,38,35331,20,207.29,20,0.59,6
10537,39,88671,15,217.65,11,0.47,9
10538,25,62229,19,253.64,16,0.61,12
10539,49,81815,20,273.77,9,0.46,9
10540,46,95990,12,199.21,15,0.61,2
10541,44,31247,12,300.83,23,0.47,7
10542,41,111187,14,218.54,21,0.58,10
10543,28,68233,9,192.51,17,0.61,7
10544,34,67146,17,284.23,1,0.52,8
10545,40,80874,17,226.28,9,0.59,11
10546,34,70618,17,310.22,10,0.74,12
10547,40,67364,15,228.49,17,0.65,9
10548,31,50715,25,232,7,0.79,9
10549,46,68963,15,232.37,4,0.61,9
10550,58,73892,8,235.77,28,0.72,6
10551,46,55676,11,224.32,13,0.4,5
10552,41,63020,18,185.34,16,0.48,13
10553,26,47964,18,314.89,14,0.69,8
10554,32,61217,11,182.46,14,0.49,9
10555,29,78520,14,303.3,14,0.77,6
10556,42,50416,14,228.21,8,0.47,4
10557,22,48760,19,168.07,4,0.83,6
10558,44,86131,19,171.5,11,0.43,15
10559,27,48948,12,172.65,20,0.91,7
10560,29,25000,15,225.76,8,0.65,9
10561,50,72097,1,313.29,75,0.48,4
10562,30,44144,1,227.19,94,0.4,5
10563,50,85216,4,303.49,77,0.57,3
10564,43,59054,3,341.85,74,0.55,0
10565,45,78998,1,399.19,73,0.29,3
10566,25,61003,3,248.55,54,0.55,5
10567,52,68622,2,239.79,50,0.19,2
10568,35,40907,2,291.73,118,0.25,3
10569,49,73654,3,318.76,83,0.31,2
10570,31,59852,2,223.8,86,0.53,2
10571,49,54147,2,245.48,90,0.25,5
10572,43,63760,1,292.66,97,0.39,6
10573,62,72312,2,303.48,54,0.52,4
10574,49,97174,4,288.55,72,0.58,4
10575,42,80130,2,298.09,41,0.12,2
10576,35,63904,3,271.55,80,0.17,2
10577,52,94874,1,288.08,130,0.35,2
10578,44,82304,2,278.43,39,0.21,3
10579,44,65845,2,283.05,97,0.34,4
10580,40,94302,3,323.29,93,0.44,3
10581,49,106588,1,248.58,80,0.41,2
10582,45,77650,1,269.02,71,0.33,5
10583,33,59384,1,255.95,65,0.27,5
10584,55,81946,2,331.31,75,0.23,0
10585,41,98866,5,283.08,56,0.17,4
10586,27,93759,3,301.81,70,0.43,3
10587,37,126260,2,318.79,30,0.54,5
10588,46,93969,3,247.86,89,0.23,2
10589,58,104366,1,243.32,59,0.46,2
10590,50,98671,2,330.5,67,0.32,2
10591,57,60837,3,276.43,49,0.26,5
10592,48,54771,3,272.69,160,0.39,2
10593,62,33974,2,379.72,72,0.09,2
10594,62,89402,1,245.74,61,0.4,5
10595,58,91400,1,213.6,88,0.15,3
10596,49,51560,1,275.29,88,0.51,4
10597,47,61345,1,254.46,85,0.4,0
10598,37,110113,2,209.15,134,0.35,4
10599,50,70810,1,386.08,100,0.47,4
10600,35,111938,1,294.16,34,0.04,3
10601,37,30271,3,386,110,0.31,3
10602,56,108053,2,281.71,83,0.43,3
10603,45,114496,4,303.87,118,0.29,5
10604,52,161776,1,245.53,85,0.41,6
10605,39,102623,3,315.23,51,0.56,5
10606,53,85109,2,276.06,91,0.35,2
10607,34,61199,2,278.65,80,0.43,2
10608,62,73307,2,304.12,30,0.23,4
10609,27,107939,4,261.53,82,0.52,2
10610,56,63221,2,240.03,84,0.52,3
10611,32,52932,3,372.21,85,0.29,4
10612,43,70543,1,350.42,30,0.47,2
10613,41,122308,1,246,72,0.41,2
10614,29,58358,4,283.74,86,0.31,2
10615,64,75295,2,334.81,57,0.26,3
10616,46,86490,5,296.81,30,0.4,3
10617,46,86149,2,277.37,90,0.27,2
10618,72,62104,2,205.22,78,0.21,2
10619,57,91800,3,191.44,121,0.17,5
10620,57,94433,1,287.58,63,0.35,3
10621,25,108045,2,255.76,61,0.4,2
10622,25,90178,3,270.02,46,0.36,1
10623,35,61233,3,261.87,64,0.64,4
10624,50,70757,2,170.68,99,0.42,3
10625,44,98404,1,250.51,47,0.62,4
10626,25,42156,2,256.38,42,0.64,3
10627,51,62700,3,260.98,68,0.44,1
10628,64,84560,4,226.23,52,0.18,3
10629,47,68390,1,216.67,74,0.28,2
10630,63,77942,4,253.34,81,0.34,0
10631,62,76621,3,242.4,71,0.22,5
10632,49,89176,4,337.82,94,0.14,2
10633,35,98188,2,210.47,70,0.13,3
10634,28,93221,3,375.4,96,0.29,4
10635,31,55938,3,172.09,74,0.2,3
10636,34,90606,2,350.02,75,0.23,3
10637,31,90153,3,403.46,59,0.31,2
10638,48,89542,2,334.32,60,0.5,4
10639,46,72127,5,239.15,82,0.24,6
10640,56,63041,3,292.88,62,0.46,4
10641,48,78952,3,291.47,76,0.25,6
10642,34,90691,2,367.98,52,0.24,2
10643,50,45674,2,172.38,81,0.27,1
10644,58,47308,3,244.95,115,0.46,1
10645,36,95138,2,271.53,107,0.24,3
10646,57,100228,2,265.55,32,0.19,3
10647,44,81873,3,220.63,69,0.38,2
10648,62,102715,3,369.71,38,0.35,4
10649,36,87518,1,314.53,101,0.39,0
10650,35,94118,2,160,106,0.37,2
10651,57,63061,1,297.92,120,0.59,4
10652,51,99787,1,312.21,57,0.4,3
10653,52,82953,1,288.94,91,0.42,3
10654,64,87784,3,332.22,84,0.22,0
10655,41,99024,2,320.06,79,0.54,3
10656,51,92647,4,194.67,64,0.48,5
10657,49,72682,3,323.44,66,0.4,5
10658,67,98565,2,277.3,89,0.33,3
10659,34,112426,1,258.39,77,0.65,2
10660,39,66230,4,160,50,0.76,4
10661,34,78952,2,322.31,121,0.41,2
10662,55,62544,1,192,36,0.22,1
10663,49,50015,1,227.8,63,0.26,5
10664,39,102023,2,277.88,54,0.34,2
10665,48,74094,1,329.59,86,0.28,3
10666,45,58310,2,248.95,51,0.11,2
10667,52,62634,5,324.28,108,0.47,6
10668,37,22000,2,307.91,79,0.39,5
10669,50,99973,1,225.23,115,0.37,2
10670,39,63772,1,215.84,37,0.32,2
10671,58,87327,2,242.84,72,0.4,4
10672,45,106978,2,319.64,63,0.08,3
10673,54,94384,3,262.57,55,0.43,4
10674,40,107736,1,250.82,116,0.48,2
10675,49,83870,1,234.68,74,0.3,3
10676,58,71962,1,296.24,67,0.33,3
10677,71,23982,2,279.82,55,0.48,4
10678,45,73233,2,274.76,73,0.32,3
10679,54,49243,1,192.57,97,0.39,4
10680,30,124624,2,288.41,96,0.2,2
10681,48,151437,3,360.32,105,0.41,2
10682,58,42547,4,290,30,0.3,4
10683,43,97875,1,214.7,73,0.35,2
10684,60,58745,3,283.4,36,0.15,3
10685,68,94482,1,160,93,0.34,5
10686,36,88755,3,257.63,64,0.35,4
10687,46,104350,2,213.58,124,0.26,2
10688,45,81680,2,279.13,74,0.38,0
10689,67,76318,3,211.09,63,0.25,5
10690,40,98952,1,257.37,69,0.54,0
10691,32,31317,1,239.42,35,0.24,0
10692,35,110011,3,289.37,50,0.12,1
10693,46,101704,3,311.53,57,0.35,3
10694,44,130928,1,268.27,105,0.13,2
10695,40,74418,1,309.76,92,0.43,2
10696,47,57514,2,387.67,77,0.17,3
10697,31,50025,1,257.78,98,0.44,4
10698,34,66467,2,248.58,68,0.42,2
10699,48,119818,2,338.97,89,0.13,1
10700,37,58629,2,310.73,106,0.4,2
10701,25,81765,2,289.15,128,0.54,4
10702,35,67175,2,241.23,88,0.4,1
10703,59,82558,1,277.43,82,0.5,2
10704,55,84679,1,209.24,103,0.53,3
10705,62,106415,3,234.43,118,0.43,2
10706,39,86420,1,314.98,51,0.41,2
10707,43,61077,2,374.47,110,0.4,3
10708,55,108249,1,276.13,30,0.52,6
10709,47,26875,3,234.8,58,0.44,3
10710,41,63760,2,259.53,47,0.3,4
10711,44,44662,3,160,64,0.26,3
10712,52,108169,1,309.33,80,0.09,6
10713,30,90487,3,293.78,63,0.47,1
10714,45,65903,1,301.44,102,0.3,4
10715,47,57682,2,265.03,58,0.41,3
10716,29,38712,3,239.24,83,0.47,1
10717,30,121861,3,259.04,52,0.27,1
10718,56,60581,3,259.97,49,0.29,0
10719,45,75747,3,185.68,104,0.47,5
10720,45,105347,1,315.65,56,0.1,1
10721,46,59393,3,189.59,30,0.56,4
10722,34,79925,3,300.96,79,0.51,2
10723,46,79554,2,260.51,77,0.36,1
10724,55,55590,2,265.24,84,0.03,4
10725,39,110499,2,277.56,123,0.31,5
10726,46,90385,2,322.39,58,0.2,2
10727,47,74480,3,345.24,51,0.24,1
10728,68,87617,3,212.99,75,0.43,3
10729,58,137796,1,228.9,53,0.59,5
10730,45,80914,1,324.5,66,0.31,4
10731,44,74126,2,319.77,116,0.44,4
10732,44,62305,3,288.56,39,0.3,3
10733,40,117043,3,348.66,82,0.36,2
10734,46,80326,1,253.02,67,0.41,4
10735,40,91722,2,160,63,0.51,0
10736,47,119632,1,280.11,42,0.59,3
10737,47,113858,3,236.22,59,0.42,2
10738,25,78669,1,360.81,79,0.21,2
10739,25,52513,3,391.59,93,0.34,2
10740,35,131494,2,385.78,110,0.09,2
10741,39,78004,2,429.81,48,0.38,4
10742,46,82755,1,285.32,88,0.4,4
10743,62,103424,2,221.41,60,0.32,3
10744,41,56607,1,197.44,69,0.13,1
10745,42,46602,3,317.01,61,0.28,4
10746,38,60432,4,324.21,90,0.49,0
10747,61,89802,3,299.36,76,0.31,4
10748,43,101697,1,252.92,126,0.26,3
10749,36,88396,1,270.72,96,0.25,4
10750,55,106374,2,442.06,101,0.4,2
10751,45,115658,4,353.92,95,0.16,4
10752,32,42813,2,306.16,98,0.42,4
10753,35,77376,1,179.83,94,0.24,4
10754,58,64517,3,246.94,30,0.37,2
10755,41,129384,1,299.14,50,0.49,3
10756,50,56378,1,326.36,119,0.42,2
10757,50,140687,2,353.09,56,0.34,4
10758,50,60840,1,329.41,105,0.58,6
10759,47,72220,4,315.65,50,0.19,4
10760,44,79339,3,317.95,108,0.06,3
10761,54,41835,1,237.98,76,0.59,6
10762,37,93164,3,299.38,85,0.4,6
10763,58,53496,3,324.62,83,0.52,3
10764,48,83031,1,275.98,58,0.17,5
10765,52,79254,2,294.81,100,0.23,3
10766,56,31600,2,258.54,72,0.27,3
10767,67,71902,3,379.74,61,0.62,3
10768,66,98755,3,276.72,59,0.36,4
10769,46,72084,2,329.62,106,0.25,2
10770,50,118188,3,217.41,68,0.21,3
10771,64,44435,1,238.57,82,0.44,4
10772,59,35923,4,264.4,93,0.15,3
10773,49,108894,1,281.54,48,0.43,4
10774,60,66624,3,348.05,34,0.44,4
10775,43,49731,3,220.02,71,0.34,4
10776,39,62885,2,330.32,132,0.12,3
10777,34,105470,1,246.27,60,0.34,3
10778,51,79856,1,316.39,74,0.52,2
10779,28,79149,4,288.05,70,0.22,6
10780,35,61865,3,187.2,107,0.44,4
10781,52,75972,1,273,51,0.42,4
10782,62,89294,3,265.14,63,0.42,2
10783,49,53470,1,311.77,97,0.2,4
10784,40,80413,4,320.37,95,0.64,2
10785,35,61947,2,162.27,70,0.27,4
10786,50,64983,3,316.16,56,0.28,0
10787,34,61438,2,232.73,62,0.17,3
10788,51,90059,2,202.95,60,0.29,2
10789,47,115639,3,230.62,92,0.45,2
10790,55,75991,1,302.76,80,0.32,3
10791,38,95253,2,288.32,84,0.18,2
10792,25,94119,1,286.63,84,0.44,1
10793,45,121757,4,329.37,83,0.2,4
10794,44,94013,2,271.35,79,0.39,4
10795,40,46418,4,404.46,86,0.15,2
10796,52,113528,1,273.78,80,0.48,2
10797,29,95530,3,275.87,85,0.28,2
10798,57,89687,3,355.11,49,0.27,3
10799,40,99578,2,230.37,77,0.38,4
10800,50,91529,3,270.59,57,0.39,3
10801,65,113555,3,298.92,73,0.16,3
10802,47,85736,3,326.07,58,0.25,5
10803,54,70231,2,274.86,76,0.42,7
10804,48,96565,1,255.76,106,0.41,0
10805,53,127954,1,355.97,30,0.49,3
10806,25,91153,3,298.19,90,0.29,0
10807,54,123744,3,180.61,37,0.22,1
10808,46,89835,1,318.86,90,0.27,3
10809,25,71693,2,288.44,84,0.39,3
10810,49,105051,2,295.88,70,0.25,4
10811,40,89654,2,264.8,67,0.27,1
10812,50,85789,3,253.43,122,0.29,2
10813,35,36652,4,348.55,90,0.22,6
10814,42,73274,4,312.95,130,0.39,2
10815,39,33825,2,337.23,90,0.35,2
10816,48,105320,3,288.34,55,0.48,0
10817,50,144258,1,267.93,75,0.28,5
10818,51,83808,3,280.84,154,0.37,3
10819,27,66414,3,213.23,30,0.35,5
10820,46,71597,1,302.61,92,0.08,5
10821,49,60117,2,33.88,266,0.28,0
10822,19,30224,1,31.49,256,0.31,3
10823,28,45817,0,26.31,256,0,4
10824,46,32469,3,24.87,247,0.12,3
10825,38,44392,2,33.27,237,0.31,4
10826,43,43868,1,39.79,210,0.15,0
10827,24,33715,1,43.92,267,0.07,0
10828,57,60026,1,24.02,296,0.06,2
10829,69,45286,1,31.69,216,0.01,2
10830,54,37025,1,19.35,233,0.11,0
10831,64,49464,2,35.95,279,0.13,2
10832,36,49015,2,24.56,174,0.2,1
10833,18,50123,2,50.76,220,0.12,0
10834,42,45237,0,26.43,141,0.29,0
10835,39,19173,1,25.48,239,0.24,3
10836,49,57395,3,33.13,238,0.3,2
10837,47,18726,0,25.53,279,0.18,3
10838,56,61187,2,18.67,264,0.11,0
10839,35,63196,2,46.16,249,0.47,1
10840,39,21530,2,23.48,208,0.33,3
10841,54,36205,1,27.46,279,0.37,2
10842,65,56355,1,35.46,325,0.42,3
10843,39,38533,2,43.07,262,0.23,1
10844,35,39406,1,43.46,228,0.19,0
10845,48,63867,3,29.83,269,0.16,2
10846,43,42932,1,32.07,225,0.15,3
10847,74,22730,0,19.39,235,0.29,2
10848,41,50463,1,25.8,239,0,0
10849,24,54226,1,33.5,148,0,2
10850,18,61594,0,35.59,196,0.31,5
10851,18,53126,0,31.84,230,0.2,0
10852,49,18826,2,24.32,170,0.37,1
10853,64,61542,0,27.24,246,0.36,2
10854,41,38802,1,39.74,240,0.13,1
10855,32,19566,1,41.49,230,0.26,0
10856,46,39418,1,29.63,215,0,2
10857,42,36977,0,14.77,251,0.37,1
10858,21,45602,1,35.78,270,0,2
10859,26,19252,1,31.7,158,0.26,2
10860,40,28118,0,37.23,164,0.31,1
10861,38,15000,1,33.52,173,0.24,1
10862,31,55675,0,31.12,321,0.35,2
10863,35,31827,1,32.89,200,0.27,4
10864,38,20490,0,34.99,237,0.29,1
10865,50,39467,1,24.39,180,0.42,1
10866,47,33410,0,25.9,295,0.12,0
10867,41,49984,3,31.18,272,0.27,0
10868,26,24658,0,35.16,255,0.19,0
10869,66,27692,3,14.96,199,0,2
10870,25,24832,0,35,276,0.4,0
10871,42,21371,1,23.33,263,0.3,2
10872,28,57975,1,25.08,205,0.11,3
10873,43,44794,1,50.01,305,0.09,1
10874,36,44334,1,31.95,313,0.02,0
10875,33,35011,3,37.02,287,0.15,1
10876,20,54508,2,39.57,229,0.16,1
10877,51,18477,2,27.82,187,0,1
10878,58,68795,2,45.66,238,0.29,1
10879,32,31160,0,39.58,208,0.08,0
10880,36,70216,3,13.05,222,0.06,2
10881,43,31815,1,23.7,321,0.25,2
10882,18,40931,3,39.94,148,0.14,0
10883,61,45908,1,28.31,120,0.05,1
10884,50,15000,1,37.09,167,0.21,1
10885,61,38318,1,35.69,174,0.15,1
10886,37,55575,2,21.26,247,0.36,0
10887,41,38909,1,13.32,311,0.09,2
10888,31,31992,2,36.94,250,0.27,1
10889,39,31414,2,21.76,314,0.14,1
10890,49,42382,1,27.73,285,0.1,1
10891,39,55833,1,44.27,232,0.15,1
10892,22,25412,1,38.22,238,0.12,3
10893,59,62086,0,23.54,331,0.21,1
10894,48,58117,1,29.97,286,0.04,1
10895,25,26263,1,32.29,224,0.1,1
10896,24,48861,2,27.29,230,0.22,0
10897,46,91630,1,26.93,277,0.38,2
10898,18,51014,4,33.6,182,0.21,0
10899,55,26706,1,20.28,213,0.36,1
10900,32,23676,0,16.74,246,0.3,1
10901,59,30520,1,18.28,290,0.43,0
10902,34,62236,0,33.1,301,0.19,2
10903,62,73175,1,23.21,194,0.3,0
10904,36,43643,1,30.52,368,0.17,1
10905,52,45833,2,29.48,228,0,0
10906,18,48069,0,39.3,242,0.15,0
10907,47,29128,0,38.7,258,0.15,2
10908,39,48128,0,46.63,211,0.37,1
10909,49,53748,2,20.43,294,0.4,1
10910,39,33625,1,43.4,190,0.07,3
10911,47,75926,1,29.14,207,0.2,0
10912,48,47176,1,24.49,195,0.27,0
10913,46,75191,3,14.45,213,0.23,1
10914,21,48165,1,45.23,227,0.32,0
10915,26,53547,2,19.38,241,0.01,1
10916,50,35041,1,17.83,208,0.39,1
10917,26,36964,0,18.87,308,0.16,3
10918,38,41424,2,8,250,0.17,3
10919,52,23861,2,25.64,195,0.2,1
10920,59,47450,1,36.11,295,0.27,3
10921,47,44682,2,27.18,242,0.39,3
10922,39,34743,3,35.2,256,0.14,2
10923,39,31371,1,30.39,221,0.29,3
10924,52,37580,2,28.7,178,0.26,1
10925,73,65316,2,30.24,248,0.06,0
10926,28,41237,0,23.1,228,0.15,0
10927,35,69582,2,22.96,237,0.18,0
10928,29,58168,1,18.15,238,0.19,0
10929,38,55888,2,48.07,303,0.35,5
10930,49,44609,2,22.97,245,0.1,2
10931,31,31009,2,26.76,144,0.01,0
10932,28,48631,1,37.59,278,0.31,2
10933,42,59590,2,31.38,304,0,1
10934,35,60443,3,14.95,311,0.04,0
10935,36,36909,0,33.85,274,0.31,1
10936,38,41513,3,8,192,0.18,0
10937,36,39983,1,28.58,271,0.15,1
10938,37,41881,0,32.15,217,0.33,2
10939,54,25824,1,16.82,205,0.33,3
10940,24,34668,1,33.27,152,0,2
10941,18,34851,1,31.74,233,0.14,2
10942,43,31648,1,31.45,326,0.27,3
10943,31,33613,1,26.71,190,0.33,2
10944,35,52267,1,34.48,173,0.16,1
10945,47,31945,0,18.26,237,0.19,3
10946,47,43304,1,37.94,210,0.16,0
10947,57,48280,1,26.97,265,0.15,1
10948,30,47423,1,23.92,173,0.19,1
10949,35,45180,2,34.31,268,0.15,1
10950,25,32509,1,20.92,245,0.06,0
10951,50,34409,0,18.16,261,0.34,1
10952,36,59146,0,45.7,362,0,1
10953,30,37764,1,35.31,234,0.07,1
10954,46,23060,0,45.93,208,0.16,1
10955,46,70365,2,14.33,171,0.13,1
10956,18,55109,0,41.44,331,0.15,2
10957,23,51979,1,18.21,226,0.12,1
10958,51,29435,3,16.07,321,0.06,1
10959,33,36500,2,41.5,300,0.13,1
10960,29,26135,0,24.06,252,0,1
10961,59,59951,1,15.43,263,0,3
10962,36,71301,0,36.26,235,0.14,0
10963,47,52818,3,37.07,210,0.06,0
10964,58,29549,3,32.73,256,0.14,2
10965,39,36093,2,26.7,200,0.25,1
10966,45,34738,0,43.62,317,0.29,1
10967,35,64117,1,22.31,334,0.17,3
10968,21,50291,3,28.27,227,0.04,2
10969,29,40483,0,42.01,298,0.18,0
10970,59,36145,0,12.14,208,0.01,0
10971,49,35994,2,21.49,243,0.41,1
10972,44,16952,3,23.71,293,0.17,2
10973,48,34761,2,21.17,279,0.13,2
10974,33,42800,0,30.23,242,0.12,1
10975,41,32138,1,18.95,357,0.31,2
10976,54,15000,0,24.41,171,0.15,1
10977,51,23788,2,28.13,257,0.12,3
10978,38,70387,0,34.69,237,0.14,2
10979,35,15000,0,39.45,302,0.41,1
10980,22,35287,1,18.94,322,0.45,2
10981,39,21281,3,28.69,226,0.24,0
10982,41,18921,2,27.06,298,0.16,1
10983,23,54156,0,23.62,240,0.19,0
10984,36,54724,1,25.98,248,0.16,0
10985,39,57905,0,24.63,171,0.29,1
10986,28,43476,0,18.7,167,0.05,3
10987,29,49460,0,34.84,189,0.18,1
10988,69,52087,1,34.17,347,0,0
10989,36,35327,1,16.26,310,0.01,1
10990,53,41517,0,15.86,229,0.09,1
10991,21,55009,1,29.71,312,0.13,0
10992,32,38920,1,20.52,139,0.11,2
10993,41,61193,3,34.83,309,0.27,3
10994,63,57219,2,26.15,238,0.14,2
10995,30,38942,0,43.51,229,0.23,3
10996,43,65109,0,49.58,294,0.21,3
10997,24,37382,2,11.2,268,0.24,4
10998,18,67754,1,23.98,179,0.05,2
10999,25,53845,1,17.08,214,0.22,1
11000,39,53139,2,25.21,188,0.19,2
11001,20,27750,1,26.13,202,0.26,0
11002,18,36658,1,14.91,210,0.13,1
11003,41,31415,3,32.39,200,0.19,1
11004,55,32394,2,28.38,315,0.33,1
11005,36,50106,1,43.12,244,0.13,1
11006,23,50905,0,37.88,175,0.2,3
11007,18,74292,1,29.27,269,0.27,2
11008,52,50305,3,32.7,338,0.29,0
11009,73,32810,3,28.24,293,0.1,2
11010,36,67264,2,36.42,132,0.17,2
11011,42,57379,1,28.44,299,0,2
11012,35,27403,2,39.05,292,0.16,2
11013,50,40602,1,22.28,282,0.17,0
11014,18,55309,1,30.97,302,0.02,1
11015,37,48076,2,16.03,268,0.3,1
11016,37,48695,2,33.24,268,0.06,2
11017,54,44977,0,26.97,250,0.04,1
11018,21,51717,1,13.19,258,0.17,2
11019,34,29176,1,23.16,241,0.2,1
11020,33,36378,3,21.06,212,0.58,2
11021,21,55483,0,36.18,229,0.13,3
11022,46,57568,2,24,271,0.33,1
11023,62,55608,1,30.26,247,0.03,1
11024,42,35343,2,28.19,279,0.26,1
11025,21,70652,1,27.27,223,0.12,3
11026,57,49110,1,33.57,244,0.16,2
11027,33,46036,1,33.43,209,0.27,0
11028,32,33537,0,37.14,192,0.1,3
11029,32,38990,0,35.5,282,0.27,2
11030,40,33610,0,39.61,278,0.1,1
11031,35,23949,1,24.26,192,0,0
11032,34,40638,0,33.86,237,0.25,1
11033,29,43826,0,32.85,193,0.29,1
11034,53,24038,1,31.43,299,0.38,1
11035,63,37365,2,19.52,261,0,0
11036,45,21001,2,36.16,215,0.06,1
11037,26,40381,1,25.25,324,0.09,3
11038,25,43164,2,38.18,219,0.25,2
11039,32,51855,3,32.25,268,0.26,0
11040,45,25732,1,47.46,227,0.09,3
11041,27,34841,2,28.38,162,0.25,1
11042,59,32301,2,43.98,197,0.16,2
11043,28,46325,1,25.79,242,0.19,1
11044,31,33117,1,27.6,218,0.22,0
11045,30,37521,0,42.66,241,0.2,1
11046,39,22556,1,19.57,226,0,0
11047,58,55286,2,40.49,274,0.13,0
11048,54,43033,3,24.71,339,0.16,3
11049,61,25633,1,18.7,179,0.26,1
11050,40,50900,0,39.58,223,0.24,2
11051,57,40322,0,28.51,250,0.06,1
11052,34,20516,2,22.93,220,0.12,3
11053,38,43266,1,32.17,307,0.26,2
11054,47,19916,0,26.16,204,0.05,0
11055,21,37896,1,20.86,244,0.13,3
11056,37,53141,1,15.38,235,0.03,1
11057,29,48111,0,28.13,269,0.29,0
11058,39,44946,3,14.67,194,0.52,1
11059,18,32679,0,30.17,280,0.07,1
11060,51,15000,0,25.95,202,0.14,0
11061,42,39612,2,29.8,250,0.01,2
11062,35,39334,2,21.53,308,0.35,2
11063,26,15000,2,29,203,0.32,0
11064,33,50398,0,27.01,294,0.21,3
11065,54,42124,0,18.05,278,0,1
11066,43,65513,1,22.21,237,0.22,1
11067,53,29214,1,32.01,220,0.28,1
11068,49,45106,2,22.31,208,0.33,2
11069,26,44894,0,22.83,288,0.16,1
11070,18,35724,2,32.19,288,0.15,1
11071,22,38728,0,11.37,186,0.36,1
11072,42,33784,0,36.43,131,0.11,1
11073,42,30376,0,20.79,203,0.09,2
11074,23,46816,1,36.64,233,0.27,1
11075,45,17953,0,31.4,262,0.24,1
11076,58,34642,2,33.35,326,0.14,0
11077,20,66838,2,32.08,396,0.22,0
11078,36,26403,1,24.38,211,0.01,3
11079,43,38392,2,32.24,254,0.26,1
11080,48,54050,1,26.02,317,0.12,2
11081,44,32247,0,24.82,215,0.01,0
11082,42,62255,2,8,272,0.11,2
11083,39,38917,1,27.8,307,0.18,3
11084,51,52673,0,38.05,217,0.27,0
11085,24,73622,0,38.31,246,0.13,1
11086,22,41780,0,24.44,286,0.21,0
11087,50,41886,1,34.72,232,0.04,3
11088,39,40698,1,38.62,214,0,0
11089,56,55314,1,40.36,277,0.15,1
11090,43,28690,1,30.78,156,0.16,1
11091,52,15000,1,23.66,288,0.17,3
11092,48,35436,1,24.81,283,0.02,0
11093,45,61612,0,40.37,233,0,0
11094,19,41685,1,33.7,213,0.05,1
11095,39,45692,0,36.11,209,0.08,1
11096,53,39875,1,36.33,347,0.21,3
11097,52,32310,1,16.46,230,0.1,1
11098,29,37406,2,26.92,147,0.09,0
11099,42,50053,1,20.91,252,0.12,0
11100,49,55088,2,22.52,299,0.12,2
11101,32,38416,0,25.28,245,0.13,3
11102,24,32983,0,22.93,292,0.36,0
11103,30,23486,2,38.09,235,0.01,0
11104,41,50789,0,25.11,321,0.15,3
11105,47,24652,1,26.84,192,0.06,3
11106,26,59255,1,27.77,268,0.11,2
11107,18,49035,0,25.96,283,0.25,0
11108,24,30981,1,9.71,239,0.22,1
11109,46,45580,1,10.57,247,0.07,1
11110,45,64677,1,32.99,168,0.21,1
11111,55,33353,1,37.53,235,0.05,4
11112,25,40965,2,30.41,231,0.16,1
11113,24,76404,1,33.37,223,0.14,1
11114,19,39430,1,38.54,180,0.11,0
11115,58,28089,2,36.73,233,0.01,0
11116,50,21830,2,29.03,259,0.24,0
11117,26,53439,1,8,272,0.06,2
11118,57,42268,2,29.38,319,0.05,1
11119,48,38953,2,24.11,343,0.43,2
11120,46,61067,0,16.19,303,0.21,1
11121,39,15000,1,21.22,286,0.3,2
11122,44,18042,2,33.66,302,0.43,0
11123,34,30124,1,28.12,228,0.3,0
11124,25,25612,1,16.94,238,0.16,0
11125,50,41048,2,26.24,239,0.11,1
11126,48,35419,2,20.69,278,0.11,2
11127,40,66335,0,14.71,209,0.01,0
11128,47,41933,1,24.52,210,0.38,0
11129,22,54737,1,46.35,214,0.28,2
11130,32,30113,2,33.17,169,0.04,0
11131,47,37811,1,12.78,185,0.12,0
11132,41,51335,3,27.82,296,0.08,0
11133,34,16436,1,20.98,142,0.39,1
11134,18,56371,1,37.81,203,0.12,2
11135,47,54296,1,32.76,277,0.2,1
11136,20,51587,1,24.28,304,0.01,3
11137,39,47080,1,13,233,0.22,2
11138,36,15000,0,46.47,185,0.35,0
11139,37,52003,0,42.33,244,0.24,1
11140,48,67261,1,43.57,209,0.27,2
11141,25,45421,1,20.32,258,0.2,1
11142,38,40560,1,29.26,208,0.5,0
11143,31,33908,3,16.12,261,0.21,2
11144,55,61453,1,29.75,147,0.19,0
11145,37,15034,2,12.73,247,0.03,0
11146,54,51407,2,42.04,201,0.36,0
11147,49,34107,0,33.53,287,0.29,1
11148,41,50430,1,32.87,250,0.28,0
11149,37,19858,1,42.78,216,0.2,2
11150,18,33646,2,8,191,0.31,2
11151,44,56115,1,33,224,0.19,0
11152,55,66345,2,24.33,192,0.33,2
11153,43,31862,2,18.23,272,0.35,3
11154,48,19888,1,47.26,197,0.17,3
11155,47,81683,1,19.09,301,0.04,1
11156,38,58576,2,32.11,220,0.33,6
11157,48,43595,0,22.26,229,0.12,1
11158,62,61955,1,17.13,307,0.17,0
11159,48,58411,0,20.58,234,0.27,1
11160,28,53635,1,32.88,184,0.02,2
11161,42,56759,1,20.84,308,0,3
11162,56,55761,1,20.65,229,0.02,0
11163,47,52390,0,34.09,263,0.36,2
11164,53,49633,2,16.42,234,0.18,1
11165,45,52150,2,26.41,203,0.31,2
11166,26,38901,0,28.32,230,0.11,3
11167,24,53302,3,37.7,238,0.04,0
11168,34,31008,1,25.06,235,0.24,0
11169,30,39445,1,44.53,252,0,2
11170,46,39998,0,43.82,187,0.26,1
11171,47,69310,2,22.97,295,0.1,1
11172,22,25468,1,31.31,155,0.24,0
11173,56,36369,0,28.68,194,0.33,1
11174,37,51469,0,16.4,260,0.05,0
11175,50,50401,0,22.43,195,0.39,2
11176,34,51219,0,21.95,245,0.23,1
11177,42,43253,1,25.33,219,0.21,2
11178,42,23142,0,31.59,314,0.2,1
11179,42,23811,2,29.68,207,0.16,1
11180,56,38764,1,33.16,203,0.2,2
11181,19,46043,1,29.17,242,0.21,3
11182,24,36526,2,32.33,263,0.51,2
11183,54,37087,0,25.17,276,0.23,2
11184,36,36019,1,34.52,282,0.06,2
11185,31,49503,1,42.09,219,0.2,2
11186,28,40834,1,23.38,218,0.31,0
11187,46,47034,0,32.67,169,0.26,1
11188,39,21292,1,36.34,200,0.11,2
11189,45,15000,3,32.76,275,0.16,0
11190,48,32957,2,26.03,252,0.09,2
11191,24,77929,3,42.69,304,0.17,3
11192,38,17144,3,38.16,238,0.03,0
11193,18,57121,0,30.58,198,0.01,1
11194,35,55411,0,21.18,121,0,3
11195,66,43484,0,25.31,284,0.12,1
11196,39,32899,1,30.64,191,0.23,1
11197,41,64143,1,36.28,150,0.12,1
11198,64,15000,1,41.11,201,0.15,2
11199,41,67052,2,39.95,222,0.09,1
11200,24,49736,1,21.95,265,0.04,2